cctvId,cctvName,lat,lng,roadType,videoStreamURL
171,171-羅斯福路3段244巷口(台電大樓),25.017381,121.531481,平面道路,https://cctv.bote.gov.taipei:8501/MJPEG/171
391,391-文山北向入口,25.00916456,121.5816271,隧道,https://cctv.bote.gov.taipei:8501/MJPEG/391
392,392-文山北向出口,25.0209973,121.5781427,隧道,https://cctv.bote.gov.taipei:8501/MJPEG/392
393,393-文山南向入口,25.02130841,121.5774561,隧道,https://cctv.bote.gov.taipei:8501/MJPEG/393
394,394-文山南向出口,25.00992394,121.5812802,隧道,https://cctv.bote.gov.taipei:8501/MJPEG/394
395,395-象山北向入口,25.02374133,121.5763657,隧道,https://cctv.bote.gov.taipei:8501/MJPEG/395
396,396-象山北向出口,25.03128632,121.5719446,隧道,https://cctv.bote.gov.taipei:8501/MJPEG/396
397,397-象山南向入口,25.03133979,121.571553,隧道,https://cctv.bote.gov.taipei:8501/MJPEG/397
398,398-象山南向出口,25.02371064,121.5760372,隧道,https://cctv.bote.gov.taipei:8501/MJPEG/398
388,388-八德路3段-光復北路,25.04816,121.5578,平面道路,https://cctv.bote.gov.taipei:8501/MJPEG/388
389,389-中山北路6段-德行西路,25.10647,121.52491,平面道路,https://cctv.bote.gov.taipei:8501/MJPEG/389
399,399-木柵路4段-和平東路4段,24.998167,121.574583,平面道路,https://cctv.bote.gov.taipei:8501/MJPEG/399
400,400-信義杭州,25.03556,121.52414,平面道路,https://cctv.bote.gov.taipei:8501/MJPEG/400
390,390-中正路-延平北路5段(西南角),25.08666,121.50933,平面道路,https://cctv.bote.gov.taipei:8501/MJPEG/390
151,151-堤頂大道樂群一路,25.077263,121.56855,快速道路,https://cctv.bote.gov.taipei:8501/MJPEG/151
152,152-堤頂大道1段與港墘路口往北,25.07461,121.5724,快速道路,https://cctv.bote.gov.taipei:8501/MJPEG/152
113,113-瑞光港墘,25.076233,121.574814,平面道路,https://cctv.bote.gov.taipei:8501/MJPEG/113
154,154-民權瑞光,25.068633,121.583979,平面道路,https://cctv.bote.gov.taipei:8501/MJPEG/154
125,125-辛亥路三段330號(二殯西北角),25.01373,121.55307,平面道路,https://cctv.bote.gov.taipei:8501/MJPEG/125
377,377-菸廠路 市民大道5段14巷,25.045062,121.5604497,平面道路,https://cctv.bote.gov.taipei:8501/MJPEG/377
383,383-忠孝東路-逸仙路,25.0411849,121.5616393,平面道路,https://cctv.bote.gov.taipei:8501/MJPEG/383
381,381-羅斯福路2段9號(羅斯福金融廣場大樓),25.02894722,121.5212056,平面道路,https://cctv.bote.gov.taipei:8501/MJPEG/381
379,379-市民大道八段99號(西南角) (臺北流行音樂中心南館頂樓西南角),25.05142222,121.5976056,平面道路,https://cctv.bote.gov.taipei:8501/MJPEG/379
310,310-松江路與長春路口,25.0549123,121.5329635,平面道路,https://cctv.bote.gov.taipei:8501/MJPEG/310
311,311-松江路與民生東路口,25.0581148,121.5329837,平面道路,https://cctv.bote.gov.taipei:8501/MJPEG/311
312,312-松江路-南京東二段,25.05161857,121.5329494,平面道路,https://cctv.bote.gov.taipei:8501/MJPEG/312
255,255-木柵秀明,24.991698,121.571077,平面道路,https://cctv.bote.gov.taipei:8501/MJPEG/255
318,318-木柵路1段與和興路口號誌桿,24.98670152,121.5459973,平面道路,https://cctv.bote.gov.taipei:8501/MJPEG/318
358,358-木柵-辛亥路口,24.98769899,121.5523655,平面道路,https://cctv.bote.gov.taipei:8501/MJPEG/358
359,359-木柵-興隆路口,24.98871072,121.5601661,平面道路,https://cctv.bote.gov.taipei:8501/MJPEG/359
362,362-木柵-信義快匝道路口,25.00032514,121.5768371,平面道路,https://cctv.bote.gov.taipei:8501/MJPEG/362
360,360-木新-樟新路口,24.98016743,121.5548942,平面道路,https://cctv.bote.gov.taipei:8501/MJPEG/360
23,023-水源快永福橋,25.012011,121.52814,快速道路、橋梁,https://cctv.bote.gov.taipei:8501/MJPEG/023
24,024-水源快福和橋,25.008628,121.532405,快速道路、橋梁,https://cctv.bote.gov.taipei:8501/MJPEG/024
7,007-水源快中正橋,25.02218833,121.5166651,快速道路,https://cctv.bote.gov.taipei:8501/MJPEG/007
77,077-環河快詔安街,25.02400181,121.514607,快速道路,https://cctv.bote.gov.taipei:8501/MJPEG/077
78,078-環河快泉州街,25.02408073,121.5121763,快速道路,https://cctv.bote.gov.taipei:8501/MJPEG/078
8,008-水源快師大,25.020491,121.522281,快速道路,https://cctv.bote.gov.taipei:8501/MJPEG/008
83,083-環河快青年路口,25.01985106,121.5042989,快速道路,https://cctv.bote.gov.taipei:8501/MJPEG/083
84,084-水源快溪州街口,25.00594153,121.5342047,快速道路,https://cctv.bote.gov.taipei:8501/MJPEG/084
85,085-水源快景美出口匝道,24.997855,121.535638,快速道路,https://cctv.bote.gov.taipei:8501/MJPEG/085
86,086-水源快景美入口匝道,25.0000574,121.5352933,平面道路,https://cctv.bote.gov.taipei:8501/MJPEG/086
30,030-市民快松江,25.045305,121.532738,快速道路,https://cctv.bote.gov.taipei:8501/MJPEG/030
31,031-市民快永吉,25.044683,121.56501,平面道路,https://cctv.bote.gov.taipei:8501/MJPEG/031
32,032-市民快重慶匝道,25.049494,121.512978,平面道路,https://cctv.bote.gov.taipei:8501/MJPEG/032
33,033-市民快新生匝道,25.046084,121.530198,快速道路,https://cctv.bote.gov.taipei:8501/MJPEG/033
368,368-南京東路六段-舊宗路一段,25.05726111,121.581675,平面道路,https://cctv.bote.gov.taipei:8501/MJPEG/368
177,177-基隆路北往南主車道1(基隆忠孝),25.041319,121.564394,平面道路,https://cctv.bote.gov.taipei:8501/MJPEG/177
178,178-基隆路北往南主車道2(基隆忠孝)機 1,25.04104561,121.5642727,平面道路,https://cctv.bote.gov.taipei:8501/MJPEG/178
179,179-基隆路北往南主車道3(基隆忠孝),25.041097,121.564265,平面道路,https://cctv.bote.gov.taipei:8501/MJPEG/179
180,180-基隆路北往南主車道4(基隆松高),25.039173,121.563682,平面道路,https://cctv.bote.gov.taipei:8501/MJPEG/180
181,181-基隆路北往南主車道5(基隆松高),25.039187,121.563516,平面道路,https://cctv.bote.gov.taipei:8501/MJPEG/181
182,182-基隆路北往南主車道6(基隆松壽),25.035936,121.561488,平面道路,https://cctv.bote.gov.taipei:8501/MJPEG/182
183,183-基隆路北往南主車道7(基隆松壽),25.035858,121.561413,平面道路,https://cctv.bote.gov.taipei:8501/MJPEG/183
184,184-基隆路北往南主車道8(基隆松壽),25.035722,121.561338,平面道路,https://cctv.bote.gov.taipei:8501/MJPEG/184
185,185-基隆路南往北主車道1(基隆松壽),25.035916,121.561193,平面道路,https://cctv.bote.gov.taipei:8501/MJPEG/185
187,187-基隆路南往北主車道3(基隆松壽),25.035761,121.561091,平面道路,https://cctv.bote.gov.taipei:8501/MJPEG/187
188,188-基隆路南往北主車道4(基隆松高),25.039156,121.563565,平面道路,https://cctv.bote.gov.taipei:8501/MJPEG/188
189,189-基隆路南往北主車道5(基隆松高),25.039163,121.563624,平面道路,https://cctv.bote.gov.taipei:8501/MJPEG/189
190,190-基隆路南往北主車道6(基隆忠孝),25.041292,121.564648,平面道路,https://cctv.bote.gov.taipei:8501/MJPEG/190
191,191-基隆路南往北主車道7(基隆忠孝),25.041209,121.564589,平面道路,https://cctv.bote.gov.taipei:8501/MJPEG/191
192,192-基隆路南往北主車道8(基隆忠孝),25.041112,121.564541,平面道路,https://cctv.bote.gov.taipei:8501/MJPEG/192
193,193-基隆路北往南混合車道1(基隆松高),25.039233,121.563712,平面道路,https://cctv.bote.gov.taipei:8501/MJPEG/193
194,194-基隆路北往南混合車道2(基隆松高),25.039182,121.563696,平面道路,https://cctv.bote.gov.taipei:8501/MJPEG/194
195,195-基隆路北往南混合車道3(基隆松壽),25.03562,121.561268,平面道路,https://cctv.bote.gov.taipei:8501/MJPEG/195
196,196-基隆路北往南混合車道4(基隆松壽),25.035537,121.56122,平面道路,https://cctv.bote.gov.taipei:8501/MJPEG/196
197,197-基隆路南往北混合車道1(基隆松壽),25.035693,121.561059,平面道路,https://cctv.bote.gov.taipei:8501/MJPEG/197
198,198-基隆路南往北混合車道2(基隆松壽),25.035596,121.561016,平面道路,https://cctv.bote.gov.taipei:8501/MJPEG/198
199,199-基隆路南往北混合車道3(基隆松高),25.039314,121.563648,平面道路,https://cctv.bote.gov.taipei:8501/MJPEG/199
200,200-基隆路南往北混合車道4(基隆忠孝),25.041272,121.564369,平面道路,https://cctv.bote.gov.taipei:8501/MJPEG/200
273,273-市民大道與向陽路口,25.05134722,121.5956639,平面道路,https://cctv.bote.gov.taipei:8501/MJPEG/273
278,278-重慶北路與南京西路,25.054061,121.514403,平面道路,https://cctv.bote.gov.taipei:8501/MJPEG/278
369,369-重慶南路-汀州路2段,25.02565,121.5166389,平面道路,https://cctv.bote.gov.taipei:8501/MJPEG/369
370,370-和平西路3段-南寧路,25.03520833,121.5031556,平面道路,https://cctv.bote.gov.taipei:8501/MJPEG/370
371,371-和平西路2段-泉州街,25.02766389,121.5143972,平面道路,https://cctv.bote.gov.taipei:8501/MJPEG/371
372,372-民權東路與敦化北路,25.06165833,121.5512917,平面道路,https://cctv.bote.gov.taipei:8501/MJPEG/372
373,373-格致路與凱旋路,25.13681389,121.5463722,平面道路,https://cctv.bote.gov.taipei:8501/MJPEG/373
374,374-重慶南路與廈門街114巷,25.02303056,121.5169944,平面道路,https://cctv.bote.gov.taipei:8501/MJPEG/374
375,375-重慶北路2段48號,25.05555,121.5140028,平面道路,https://cctv.bote.gov.taipei:8501/MJPEG/375
376,376-辛亥路4段-101巷,25.006698,121.558565,平面道路,https://cctv.bote.gov.taipei:8501/MJPEG/376
378,378-市民大道八段99號(東北角) (臺北流行音樂中心南館頂樓東北角),25.05168333,121.5977722,平面道路,https://cctv.bote.gov.taipei:8501/MJPEG/378
380,380-南港路2段59號(東北角),25.05346944,121.5989194,平面道路,https://cctv.bote.gov.taipei:8501/MJPEG/380
363,363-忠孝東路7段325巷口,25.05195,121.60569,平面道路,https://cctv.bote.gov.taipei:8501/MJPEG/363
364,364-市民大道8段與南港路2段41巷口,25.05261,121.6032,平面道路,https://cctv.bote.gov.taipei:8501/MJPEG/364
366,366-承德路6段-福國路口,25.1013,121.51233,平面道路,https://cctv.bote.gov.taipei:8501/MJPEG/366
136,136-基隆光復,25.029804,121.557597,平面道路,https://cctv.bote.gov.taipei:8501/MJPEG/136
283,283-信義路四段-光復南路口,25.03309573,121.5574992,平面道路,https://cctv.bote.gov.taipei:8501/MJPEG/283
329,329-光復南路與市民大道口,25.04492577,121.557685,平面道路,https://cctv.bote.gov.taipei:8501/MJPEG/329
327,327-雙溪街與至誠路口,25.10088611,121.5266917,平面道路,https://cctv.bote.gov.taipei:8501/MJPEG/327
10,010-辛亥快泰順,25.019934,121.529495,快速道路,https://cctv.bote.gov.taipei:8501/MJPEG/010
11,011-辛亥快新生南,25.022641,121.534517,快速道路,https://cctv.bote.gov.taipei:8501/MJPEG/011
342,342-辛亥路3段基隆路3段路口,25.01873273,121.5466159,平面道路,https://cctv.bote.gov.taipei:8501/MJPEG/342
348,348-八德-塔悠路口,25.0499889,121.5722722,平面道路,https://cctv.bote.gov.taipei:8501/MJPEG/348
353,353-八德-新生北路口,25.04363587,121.5298689,平面道路,https://cctv.bote.gov.taipei:8501/MJPEG/353
297,297-士東路-忠誠路口,25.112,121.53,平面道路,https://cctv.bote.gov.taipei:8501/MJPEG/297
45,045-大直橋,25.077025,121.544685,橋梁,https://cctv.bote.gov.taipei:8501/MJPEG/045
68,068-大業大度,25.121141,121.499672,平面道路,https://cctv.bote.gov.taipei:8501/MJPEG/068
157,157-中山劍潭(東側),25.084018,121.525623,平面道路,https://cctv.bote.gov.taipei:8501/MJPEG/157
165,165-市民中山(西南角),25.047942,121.520593,平面道路,https://cctv.bote.gov.taipei:8501/MJPEG/165
231,231-中山北路6段-福國路口,25.102564,121.525246,平面道路,https://cctv.bote.gov.taipei:8501/MJPEG/231
232,232-中山北路-通河街口,25.079989,121.524197,平面道路,https://cctv.bote.gov.taipei:8501/MJPEG/232
233,233-中山北路3段-民權東西路口,25.063017,121.522486,平面道路,https://cctv.bote.gov.taipei:8501/MJPEG/233
249,249-中山北路-圓山隧道口,25.0767399,121.5250251,平面道路,https://cctv.bote.gov.taipei:8501/MJPEG/249
326,326-中山北路5段與文林路口,25.08602915,121.5255683,平面道路,https://cctv.bote.gov.taipei:8501/MJPEG/326
328,328-民生東路與中山北路口,25.05773305,121.5227248,平面道路,https://cctv.bote.gov.taipei:8501/MJPEG/328
346,346-中山北-濟南路口,25.04331665,121.5189188,平面道路,https://cctv.bote.gov.taipei:8501/MJPEG/346
44,044-圓山中山橋,25.07627506,121.5253088,平面道路,https://cctv.bote.gov.taipei:8501/MJPEG/044
42,042-承德中正,25.090995,121.515997,平面道路,https://cctv.bote.gov.taipei:8501/MJPEG/042
48,048-中正重陽橋,25.085694,121.505803,橋梁,https://cctv.bote.gov.taipei:8501/MJPEG/048
263,263-中華路-愛國西路口,25.03729722,121.5070306,平面道路,https://cctv.bote.gov.taipei:8501/MJPEG/263
291,291-衡陽路-中華路一段路口,25.042,121.508,平面道路,https://cctv.bote.gov.taipei:8501/MJPEG/291
337,337-中華路一段39號1(台糖騰雲大樓頂樓西南角),25.04552949,121.5095188,平面道路,https://cctv.bote.gov.taipei:8501/MJPEG/337
338,338-中華路一段39號2(台糖騰雲大樓頂樓西北角),25.04544444,121.5095,平面道路,https://cctv.bote.gov.taipei:8501/MJPEG/338
173,173-仁愛敦化(北側),25.038298,121.548706,平面道路,https://cctv.bote.gov.taipei:8501/MJPEG/173
174,174-仁愛敦化(西側),25.037939,121.548228,平面道路,https://cctv.bote.gov.taipei:8501/MJPEG/174
175,175-仁愛敦化(東側),25.037853,121.549397,平面道路,https://cctv.bote.gov.taipei:8501/MJPEG/175
120,120-民權東路6段與堤頂大道1段路口號誌桿,25.06488,121.572258,平面道路,https://cctv.bote.gov.taipei:8501/MJPEG/120
307,307-福國-文林,25.10160833,121.5212278,平面道路,https://cctv.bote.gov.taipei:8501/MJPEG/307
121,121-木柵路1段與木柵路1段76巷口號誌桿,24.98746,121.550159,平面道路,https://cctv.bote.gov.taipei:8501/MJPEG/121
207,207-辛亥隧道往木柵入口0K+7M,25.012644,121.554367,隧道,https://cctv.bote.gov.taipei:8501/MJPEG/207
208,208-辛亥隧道往木柵入口0K+179M,25.011465,121.555557,隧道,https://cctv.bote.gov.taipei:8501/MJPEG/208
209,209-辛亥隧道往木柵入口0K+331M,25.00993,121.557091,隧道,https://cctv.bote.gov.taipei:8501/MJPEG/209
210,210-辛亥隧道往市區入口0K+7M,25.010065,121.557335,隧道,https://cctv.bote.gov.taipei:8501/MJPEG/210
211,211-辛亥隧道往市區入口0K+160M,25.011669,121.555817,隧道,https://cctv.bote.gov.taipei:8501/MJPEG/211
212,212-辛亥隧道往市區入口0K+355M,25.012848,121.554642,隧道,https://cctv.bote.gov.taipei:8501/MJPEG/212
290,290-和平羅斯,25.027,121.522,平面道路,https://cctv.bote.gov.taipei:8501/MJPEG/290
322,322-復興南路與和平東路口,25.02493891,121.5429469,平面道路,https://cctv.bote.gov.taipei:8501/MJPEG/322
355,355-和平-敦化路口,25.02447036,121.5487302,平面道路,https://cctv.bote.gov.taipei:8501/MJPEG/355
129,129-忠孝光復,25.041399,121.557732,平面道路,https://cctv.bote.gov.taipei:8501/MJPEG/129
131,131-忠孝松山,25.040913,121.578094,平面道路,https://cctv.bote.gov.taipei:8501/MJPEG/131
229,229-新生高忠孝,25.043,121.529972,平面道路,https://cctv.bote.gov.taipei:8501/MJPEG/229
257,257-忠孝東路-松仁路口,25.04086944,121.5689083,平面道路,https://cctv.bote.gov.taipei:8501/MJPEG/257
301,301-忠孝西路一段86號,25.04740352,121.5133086,平面道路,https://cctv.bote.gov.taipei:8501/MJPEG/301
303,303-中華路1段2號西北角（國稅局1號）,25.04826003,121.5097318,平面道路,https://cctv.bote.gov.taipei:8501/MJPEG/303
304,304-中華路1段2號東北角(國稅局2號),25.04826003,121.5097318,平面道路,https://cctv.bote.gov.taipei:8501/MJPEG/304
345,345-忠孝東-敦化南路口,25.04145101,121.5488551,平面道路,https://cctv.bote.gov.taipei:8501/MJPEG/345
352,352-忠孝-延吉路口,25.0414112,121.5544544,平面道路,https://cctv.bote.gov.taipei:8501/MJPEG/352
246,246 承德-庫倫,25.071995,121.518578,平面道路,https://cctv.bote.gov.taipei:8501/MJPEG/246
289,289-承德路-石牌路口,25.112,121.509,平面道路,https://cctv.bote.gov.taipei:8501/MJPEG/289
285,285-昌吉街-重慶北路三段,25.066,121.513,平面道路,https://cctv.bote.gov.taipei:8501/MJPEG/285
147,147-明水樂群一路,25.077282,121.550697,平面道路,https://cctv.bote.gov.taipei:8501/MJPEG/147
102,102-東湖隧道北向0K+295M,25.08091,121.60913,隧道,https://cctv.bote.gov.taipei:8501/MJPEG/102
103,103-東湖隧道南向0K+593M,25.07939,121.61074,隧道,https://cctv.bote.gov.taipei:8501/MJPEG/103
104,104-東湖隧道南向0K+770M,25.07823,121.61263,隧道,https://cctv.bote.gov.taipei:8501/MJPEG/104
105,105-東湖隧道北向1K+115M,25.07838,121.61605,隧道,https://cctv.bote.gov.taipei:8501/MJPEG/105
106,106-東湖隧道南向1K+245M,25.07861,121.61745,隧道,https://cctv.bote.gov.taipei:8501/MJPEG/106
107,107-東湖隧道北向1K+500M,25.07963,121.61963,隧道,https://cctv.bote.gov.taipei:8501/MJPEG/107
108,108-東湖隧道北向1K+777M,25.07864,121.62226,隧道,https://cctv.bote.gov.taipei:8501/MJPEG/108
271,271-市民大道-東新街口,25.049775,121.5837639,平面道路,https://cctv.bote.gov.taipei:8501/MJPEG/271
272,272-東新街-八德路口,25.05166953,121.5828006,平面道路,https://cctv.bote.gov.taipei:8501/MJPEG/272
270,270-市民大道-松山路口,25.04818333,121.5777056,平面道路,https://cctv.bote.gov.taipei:8501/MJPEG/270
134,134-松仁松壽,25.03578,121.568314,平面道路,https://cctv.bote.gov.taipei:8501/MJPEG/134
242,242-松江路-民權東路口,25.062322,121.533247,平面道路,https://cctv.bote.gov.taipei:8501/MJPEG/242
141,141-北安明水(近大直橋),25.085754,121.551575,平面道路,https://cctv.bote.gov.taipei:8501/MJPEG/141
142,142-北安明水(近自強隧道),25.085871,121.552841,平面道路,https://cctv.bote.gov.taipei:8501/MJPEG/142
237,237-北安路595巷口,25.082,121.548803,平面道路,https://cctv.bote.gov.taipei:8501/MJPEG/237
248,248-北安路-中山北路口,25.076508,121.52714,平面道路,https://cctv.bote.gov.taipei:8501/MJPEG/248
365,365-南港路2段23巷口,25.05366,121.60314,平面道路,https://cctv.bote.gov.taipei:8501/MJPEG/365
235,235-福林路-雨農路-中正路口,25.096714,121.532342,平面道路,https://cctv.bote.gov.taipei:8501/MJPEG/235
220,220-忠孝東研究院路(車行往北),25.053165,121.616226,平面道路,https://cctv.bote.gov.taipei:8501/MJPEG/220
234,234-至善路-福林路口,25.099347,121.536636,平面道路,https://cctv.bote.gov.taipei:8501/MJPEG/234
162,162-市民重慶(東側),25.049276,121.513364,平面道路,https://cctv.bote.gov.taipei:8501/MJPEG/162
163,163-市民承德(南側),25.048769,121.516345,平面道路,https://cctv.bote.gov.taipei:8501/MJPEG/163
164,164-市民承德(西側),25.048552,121.516423,平面道路,https://cctv.bote.gov.taipei:8501/MJPEG/164
166,166-市民中山(西北角),25.048132,121.520594,平面道路,https://cctv.bote.gov.taipei:8501/MJPEG/166
221,221-龍門大樓頂樓,25.05041733,121.5108647,快速道路,https://cctv.bote.gov.taipei:8501/MJPEG/221
269,269-市民大道-松信路口,25.04945833,121.5722278,平面道路,https://cctv.bote.gov.taipei:8501/MJPEG/269
27,027-市民快環河,25.050808,121.506905,快速道路,https://cctv.bote.gov.taipei:8501/MJPEG/027
275,275-市民大道-中南街口,25.05426944,121.6152472,平面道路,https://cctv.bote.gov.taipei:8501/MJPEG/275
28,028-市民快中山,25.048124,121.520889,快速道路,https://cctv.bote.gov.taipei:8501/MJPEG/028
29,029-市民快敦化,25.044937,121.548958,快速道路,https://cctv.bote.gov.taipei:8501/MJPEG/029
222,222-向陽重陽,25.054722,121.594667,平面道路,https://cctv.bote.gov.taipei:8501/MJPEG/222
146,146-成功文德,25.079314,121.589599,平面道路,https://cctv.bote.gov.taipei:8501/MJPEG/146
155,155-民權成功,25.069049,121.590592,平面道路,https://cctv.bote.gov.taipei:8501/MJPEG/155
350,350-成功-內湖交流道路口,25.06129171,121.5911242,快速道路,https://cctv.bote.gov.taipei:8501/MJPEG/350
292,292-成都路-昆明路口,25.0430233,121.5048269,平面道路,https://cctv.bote.gov.taipei:8501/MJPEG/292
nfbCCTV-N1H-N-15.368-M,汐五高架(堤頂交流道到汐止端),25.064722,121.607778,國道,https://cctvn.freeway.gov.tw/abs2mjpg/bmjpg?camera=11530
nfbCCTV-N1H-N-18.396-M,汐五高架(堤頂交流道到汐止端),25.069167,121.578333,國道,https://cctvn.freeway.gov.tw/abs2mjpg/bmjpg?camera=11830
nfbCCTV-N1H-S-14.733-M,汐五高架(汐止端到堤頂交流道),25.065832,121.61389,國道,https://cctvn.freeway.gov.tw/abs2mjpg/bmjpg?camera=11470
nfbCCTV-N1H-S-19.294-M,汐五高架(堤頂交流道到下塔悠交流道),25.071216,121.570178,國道,https://cctvn.freeway.gov.tw/abs2mjpg/bmjpg?camera=11920
nfbCCTV-N1H-S-25.673-M,汐五高架(下塔悠交流道到環北交流道),25.078333,121.508333,國道,https://cctvn.freeway.gov.tw/abs2mjpg/bmjpg?camera=12560
nfbCCTV-N3A-W-0.594-M,國3甲(萬芳交流道到台北端),25.01415,121.55386,國道,https://cctvn.freeway.gov.tw/abs2mjpg/bmjpg?camera=91050
nfbCCTV-N3A-W-4.516-M,國3甲(木柵交流道到萬芳交流道),25.00306,121.58905,國道,https://cctvn.freeway.gov.tw/abs2mjpg/bmjpg?camera=91450
nfbCCTV-N3-N-18.024-M,國道3號(木柵交流道到南深路交流道),25.02424,121.60291,國道,https://cctvn.freeway.gov.tw/abs2mjpg/bmjpg?camera=31800
nfbCCTV-N3-N-23.761-M,國道3號(木柵休息站到木柵交流道),24.97831,121.58266,國道,https://cctvn.freeway.gov.tw/abs2mjpg/bmjpg?camera=32370
nfbCCTV-N3-S-25.704-M,國道3號(木柵休息站到新店交流道),24.97744,121.56401,國道,https://cctvn.freeway.gov.tw/abs2mjpg/bmjpg?camera=32570
nfbCCTV-N5-N-0.184-M,國道5號(石碇交流道到南港系統交流道),25.034748,121.62502,國道,https://cctvp02.freeway.gov.tw/mjpeg/X01001602800201
nfbCCTV-N5-N-0.714-M,國道5號(石碇交流道到南港系統交流道),25.033003,121.62992,國道,https://cctvp02.freeway.gov.tw/mjpeg/X01001602800301
nfbCCTV-N5-N-2.082-M,國道5號(石碇交流道到南港系統交流道),25.024445,121.63938,國道,https://cctvp02.freeway.gov.tw/mjpeg/X01001510011301
nfbCCTV-N5-S-2.021-M,國道5號(南港系統交流道到石碇交流道),25.024607,121.638916,國道,https://cctvp02.freeway.gov.tw/mjpeg/X01001510010401
nfbCCTV-N1H-N-16.380-M,汐五高架(堤頂交流道到汐止端),25.06354,121.598724,國道,https://cctvn.freeway.gov.tw/abs2mjpg/bmjpg?camera=11630
nfbCCTV-N1H-N-17.600-M,汐五高架(堤頂交流道到汐止端),25.066111,121.586111,國道,https://cctvn.freeway.gov.tw/abs2mjpg/bmjpg?camera=11760
nfbCCTV-N1H-N-20.800-M,汐五高架(環北交流道到下塔悠交流道),25.072222,121.55556,國道,https://cctvn.freeway.gov.tw/abs2mjpg/bmjpg?camera=12080
281,281-竹子湖派出所前,25.167569,121.540069,平面道路,https://cctv.bote.gov.taipei:8501/MJPEG/281
201,201-自強隧道往故宮入口0K+16M,25.087173,121.549568,隧道,https://cctv.bote.gov.taipei:8501/MJPEG/201
202,202-自強隧道往故宮入口0K+240M,25.090467,121.549301,隧道,https://cctv.bote.gov.taipei:8501/MJPEG/202
203,203-自強隧道往故宮入口0K+474M,25.093479,121.548965,隧道,https://cctv.bote.gov.taipei:8501/MJPEG/203
204,204-自強隧道往大直入口0K+20M,25.09413,121.548508,隧道,https://cctv.bote.gov.taipei:8501/MJPEG/204
205,205-自強隧道往大直入口0K+326M,25.0924,121.548637,隧道,https://cctv.bote.gov.taipei:8501/MJPEG/205
206,206-自強隧道往大直入口0K+553M,25.089815,121.548805,隧道,https://cctv.bote.gov.taipei:8501/MJPEG/206
236,236-故宮路-至善路口,25.098308,121.546461,平面道路,https://cctv.bote.gov.taipei:8501/MJPEG/236
320,320-復興南路與信義路口,25.0331958,121.5434377,平面道路,https://cctv.bote.gov.taipei:8501/MJPEG/320
321,321-復興南路與復興南路2段148巷口,25.02850844,121.5433892,平面道路,https://cctv.bote.gov.taipei:8501/MJPEG/321
79,079-復興辛亥,25.021568,121.543298,平面道路,https://cctv.bote.gov.taipei:8501/MJPEG/079
176,176-仁愛敦化(南側),25.037332,121.548781,平面道路,https://cctv.bote.gov.taipei:8501/MJPEG/176
306,306-敦化-八德,25.04800833,121.5489028,平面道路,https://cctv.bote.gov.taipei:8501/MJPEG/306
293,293-艋舺 大理國小,25.03,121.493,橋梁,https://cctv.bote.gov.taipei:8501/MJPEG/293
288,288-逸仙路-松高路口,25.03918714,121.5615771,平面道路,https://cctv.bote.gov.taipei:8501/MJPEG/288
167,167-重慶愛國(西側),25.035305,121.512255,平面道路,https://cctv.bote.gov.taipei:8501/MJPEG/167
228,228-新生高長安,25.048222,121.529806,平面道路,https://cctv.bote.gov.taipei:8501/MJPEG/228
223,223-新生高圓山橋,25.073722,121.525806,快速道路,https://cctv.bote.gov.taipei:8501/MJPEG/223
224,224-新生高民族,25.068029,121.527885,快速道路,https://cctv.bote.gov.taipei:8501/MJPEG/224
299,299-民生東路限高器,25.05800639,121.5278263,快速道路,https://cctv.bote.gov.taipei:8501/MJPEG/299
76,076-新生高圓山,25.07434992,121.5256463,快速道路,https://cctv.bote.gov.taipei:8501/MJPEG/076
91,091-中山北安,25.07595899,121.5267972,快速道路,https://cctv.bote.gov.taipei:8501/MJPEG/091
122,122-新明路成美橋,25.05563424,121.5822339,平面道路,https://cctv.bote.gov.taipei:8501/MJPEG/122
143,143-內湖堤頂(西側),25.0842,121.56076,快速道路,https://cctv.bote.gov.taipei:8501/MJPEG/143
149,149-瑞光路478巷口,25.078963,121.569426,平面道路,https://cctv.bote.gov.taipei:8501/MJPEG/149
150,150-瑞光陽光(瑞光社宅),25.073568,121.579063,平面道路,https://cctv.bote.gov.taipei:8501/MJPEG/150
367,367-洲子街-瑞光路393巷,25.07910833,121.5733889,平面道路,https://cctv.bote.gov.taipei:8501/MJPEG/367
60,060-環東匝道,25.059399,121.619362,平面道路,https://cctv.bote.gov.taipei:8501/MJPEG/060
59,059-經貿二南港,25.055103,121.616638,平面道路,https://cctv.bote.gov.taipei:8501/MJPEG/059
215,215-經貿二路105巷口,25.058111,121.6165,平面道路,https://cctv.bote.gov.taipei:8501/MJPEG/215
295,295-萬大路-東園街口,25.021,121.498,平面道路,https://cctv.bote.gov.taipei:8501/MJPEG/295
239,239- 濱江街150巷口,25.072575,121.536664,平面道路,https://cctv.bote.gov.taipei:8501/MJPEG/239
323,323-瑞光路與江南街口,25.07600866,121.5758187,平面道路,https://cctv.bote.gov.taipei:8501/MJPEG/323
240,240-濱江街大佳國小大門右側(號誌桿),25.073139,121.535642,平面道路,https://cctv.bote.gov.taipei:8501/MJPEG/240
218,218-經貿一路環東大道槽化島,25.062694,121.617083,快速道路,https://cctv.bote.gov.taipei:8501/MJPEG/218
219,219-環東大道經貿二路出口匝道綠帶,25.062778,121.612889,快速道路,https://cctv.bote.gov.taipei:8501/MJPEG/219
37,037-市民快麥帥一橋,25.051216,121.570717,快速道路,https://cctv.bote.gov.taipei:8501/MJPEG/037
49,049-環東快堤頂匝道,25.05489,121.577797,快速道路,https://cctv.bote.gov.taipei:8501/MJPEG/049
50,050-環東快舊宗匝道,25.058504,121.584259,快速道路,https://cctv.bote.gov.taipei:8501/MJPEG/050
51,051-環東快成功路,25.06109731,121.5910282,快速道路,https://cctv.bote.gov.taipei:8501/MJPEG/051
52,052-環東快出城往東,25.05835,121.600304,快速道路,https://cctv.bote.gov.taipei:8501/MJPEG/052
54,054-環東快成功橋,25.060177,121.591705,快速道路,https://cctv.bote.gov.taipei:8501/MJPEG/054
55,055-環東快進城基河三期國宅,25.058428,121.601273,快速道路,https://cctv.bote.gov.taipei:8501/MJPEG/055
56,056-環東快進城南湖大橋,25.061342,121.611183,快速道路,https://cctv.bote.gov.taipei:8501/MJPEG/056
57,057-環東快經貿一路匝道,25.062899,121.616203,快速道路,https://cctv.bote.gov.taipei:8501/MJPEG/057
2,002-環快忠孝橋,25.049253,121.506042,快速道路,https://cctv.bote.gov.taipei:8501/MJPEG/002
3,003-環快中興橋,25.044197,121.500679,快速道路,https://cctv.bote.gov.taipei:8501/MJPEG/003
39,039-環河民生,25.056755,121.508362,平面道路,https://cctv.bote.gov.taipei:8501/MJPEG/039
4,004-環快華江橋,25.03527326,121.4904247,快速道路,https://cctv.bote.gov.taipei:8501/MJPEG/004
5,005-環快光復橋,25.0248362,121.4912983,快速道路,https://cctv.bote.gov.taipei:8501/MJPEG/005
6,006-環快華中橋,25.016719,121.495305,快速道路,https://cctv.bote.gov.taipei:8501/MJPEG/006
274,274-環河北路與民族西路口燈桿上,25.068535,121.509109,平面道路,https://cctv.bote.gov.taipei:8501/MJPEG/274
41,041-環河北敦煌,25.076133,121.508559,平面道路,https://cctv.bote.gov.taipei:8501/MJPEG/041
69,069-環河北中正,25.085722,121.505536,平面道路,https://cctv.bote.gov.taipei:8501/MJPEG/069
70,070-延平社中,25.090495,121.501044,平面道路,https://cctv.bote.gov.taipei:8501/MJPEG/070
71,071-延平北通河西,25.093829,121.497548,平面道路,https://cctv.bote.gov.taipei:8501/MJPEG/071
72,072-延平北通河西(堤防),25.094381,121.497352,平面道路,https://cctv.bote.gov.taipei:8501/MJPEG/072
80,080-環河快貴陽匝道,25.03858,121.49559,平面道路,https://cctv.bote.gov.taipei:8501/MJPEG/080
81,081-環河快萬板大橋,25.03043655,121.4882854,快速道路、橋梁,https://cctv.bote.gov.taipei:8501/MJPEG/081
82,082-環河快華翠大橋,25.0275276,121.4891298,快速道路、橋梁,https://cctv.bote.gov.taipei:8501/MJPEG/082
115,115-舊宗路2段181巷口,25.071665,121.574409,平面道路,https://cctv.bote.gov.taipei:8501/MJPEG/115
117,117- 舊宗路2段與民權東路6段11巷25弄口,25.067524,121.574753,平面道路,https://cctv.bote.gov.taipei:8501/MJPEG/117
156,156-舊宗新湖二路,25.06175,121.578247,平面道路,https://cctv.bote.gov.taipei:8501/MJPEG/156
169,169-基隆路3段156巷,25.01591,121.54248,平面道路,https://cctv.bote.gov.taipei:8501/MJPEG/169
172,172-基隆羅斯(東南角),25.010831,121.537289,平面道路,https://cctv.bote.gov.taipei:8501/MJPEG/172
25,025-基隆快羅斯,25.01134,121.53717,平面道路,https://cctv.bote.gov.taipei:8501/MJPEG/025
347,347-羅斯福-中山南-愛國路口,25.03486221,121.5167006,平面道路,https://cctv.bote.gov.taipei:8501/MJPEG/347
361,361-羅斯福路五段211巷路口,25.00226207,121.5389509,平面道路,https://cctv.bote.gov.taipei:8501/MJPEG/361
nfbCCTV-N1H-N-21.800-M,汐五高架(環北交流道到下塔悠交流道),25.072273,121.545856,國道,https://cctvn.freeway.gov.tw/abs2mjpg/bmjpg?camera=12180
nfbCCTV-N1H-N-22.700-M,汐五高架(環北交流道到下塔悠交流道),25.072502,121.537575,國道,https://cctvn.freeway.gov.tw/abs2mjpg/bmjpg?camera=12270
nfbCCTV-N1H-N-23.920-M,汐五高架(環北交流道到下塔悠交流道),25.074722,121.525276,國道,https://cctvn.freeway.gov.tw/abs2mjpg/bmjpg?camera=12390
nfbCCTV-N1H-N-24.900-M,汐五高架(環北交流道到下塔悠交流道),25.077223,121.51611,國道,https://cctvn.freeway.gov.tw/abs2mjpg/bmjpg?camera=12490
nfbCCTV-N1H-N-26.000-M,汐五高架(環北交流道到下塔悠交流道),25.077694,121.505646,國道,https://cctvn.freeway.gov.tw/abs2mjpg/bmjpg?camera=12600
nfbCCTV-N1H-S-16.030-M,汐五高架(汐止端到堤頂交流道),25.064306,121.60182,國道,https://cctvn.freeway.gov.tw/abs2mjpg/bmjpg?camera=11600
nfbCCTV-N1H-S-17.450-M,汐五高架(汐止端到堤頂交流道),25.06611,121.5875,國道,https://cctvn.freeway.gov.tw/abs2mjpg/bmjpg?camera=11740
nfbCCTV-N1H-S-20.450-M,汐五高架(堤頂交流道到下塔悠交流道),25.071943,121.55889,國道,https://cctvn.freeway.gov.tw/abs2mjpg/bmjpg?camera=12040
nfbCCTV-N1H-S-21.880-M,汐五高架(下塔悠交流道到環北交流道),25.073333,121.545,國道,https://cctvn.freeway.gov.tw/abs2mjpg/bmjpg?camera=12181
nfbCCTV-N1H-S-23.330-M,汐五高架(下塔悠交流道到環北交流道),25.07361,121.530556,國道,https://cctvn.freeway.gov.tw/abs2mjpg/bmjpg?camera=12330
nfbCCTV-N1H-S-24.235-M,汐五高架(下塔悠交流道到環北交流道),25.07639,121.52194,國道,https://cctvn.freeway.gov.tw/abs2mjpg/bmjpg?camera=12420
nfbCCTV-N3A-E-0.780-M,國3甲(台北端到萬芳交流道),25.014261,121.55311,國道,https://cctvn.freeway.gov.tw/abs2mjpg/bmjpg?camera=90070
nfbCCTV-N3A-E-1.520-M,國3甲(台北端到萬芳交流道),25.01195,121.56215,國道,https://cctvn.freeway.gov.tw/abs2mjpg/bmjpg?camera=90150
nfbCCTV-N3A-E-1.980-M,國3甲(台北端到萬芳交流道),25.008945,121.56636,國道,https://cctvn.freeway.gov.tw/abs2mjpg/bmjpg?camera=90190
nfbCCTV-N3A-E-2.130-M,國3甲(台北端到萬芳交流道),25.007198,121.572474,國道,https://cctvn.freeway.gov.tw/abs2mjpg/bmjpg?camera=90210
nfbCCTV-N3A-E-2.400-M,國3甲(台北端到萬芳交流道),25.00804,121.57109,國道,https://cctvn.freeway.gov.tw/abs2mjpg/bmjpg?camera=90240
nfbCCTV-N3A-E-2.670-M,國3甲(台北端到萬芳交流道),25.006725,121.574203,國道,https://cctvn.freeway.gov.tw/abs2mjpg/bmjpg?camera=90261
nfbCCTV-N3A-E-3.726-M,國3甲(萬芳交流道到木柵交流道),25.00426,121.581913,國道,https://cctvn.freeway.gov.tw/abs2mjpg/bmjpg?camera=90370
nfbCCTV-N3A-W-0.180-M,國3甲(萬芳交流道到台北端),25.016111,121.55055,國道,https://cctvn.freeway.gov.tw/abs2mjpg/bmjpg?camera=91010
nfbCCTV-N3A-W-0.800-M,國3甲(萬芳交流道到台北端),25.01418,121.55797,國道,https://cctvn.freeway.gov.tw/abs2mjpg/bmjpg?camera=91080
nfbCCTV-N3A-W-0.930-M,國3甲(萬芳交流道到台北端),25.01389,121.55722,國道,https://cctvn.freeway.gov.tw/abs2mjpg/bmjpg?camera=91090
nfbCCTV-N3A-W-2.160-M,國3甲(萬芳交流道到台北端),25.00844,121.56979,國道,https://cctvn.freeway.gov.tw/abs2mjpg/bmjpg?camera=91211
nfbCCTV-N3A-W-2.420-M,國3甲(萬芳交流道到台北端),25.009562,121.565936,國道,https://cctvn.freeway.gov.tw/abs2mjpg/bmjpg?camera=91240
nfbCCTV-N3A-W-2.700-M,國3甲(萬芳交流道到台北端),25.00726,121.57437,國道,https://cctvn.freeway.gov.tw/abs2mjpg/bmjpg?camera=91270
nfbCCTV-N3A-W-2.870-M,國3甲(萬芳交流道到台北端),25.00714,121.57438,國道,https://cctvn.freeway.gov.tw/abs2mjpg/bmjpg?camera=91280
nfbCCTV-N3A-W-4.900-M,國3甲(木柵交流道到萬芳交流道),25.0025,121.59278,國道,https://cctvn.freeway.gov.tw/abs2mjpg/bmjpg?camera=91490
nfbCCTV-N3A-W-5.000-I-木柵交流道,國3甲(木柵交流道到萬芳交流道),25.0026,121.59411,國道,https://cctvn.freeway.gov.tw/abs2mjpg/bmjpg?camera=91500
nfbCCTV-N3A-W-5.350-M,國3甲(深坑端到木柵交流道),25.001944,121.5975,國道,https://cctvn.freeway.gov.tw/abs2mjpg/bmjpg?camera=91530
nfbCCTV-N3-N-17.090-M,國道3號(木柵交流道到南深路交流道),25.030098,121.611098,國道,https://cctvn.freeway.gov.tw/abs2mjpg/bmjpg?camera=31700
nfbCCTV-N3-N-18.450-M,國道3號(木柵交流道到南深路交流道),25.022751,121.601395,國道,https://cctvn.freeway.gov.tw/abs2mjpg/bmjpg?camera=81840
nfbCCTV-N3-N-19.340-M,國道3號(木柵交流道到南深路交流道),25.008807,121.596579,國道,https://cctvn.freeway.gov.tw/abs2mjpg/bmjpg?camera=81930
nfbCCTV-N3-N-19.600-M,國道3號(木柵交流道到南深路交流道),25.023994,121.602408,國道,https://cctvn.freeway.gov.tw/abs2mjpg/bmjpg?camera=81960
nfbCCTV-N3-N-19.850-M,國道3號(木柵交流道到南深路交流道),25.023994,121.602408,國道,https://cctvn.freeway.gov.tw/abs2mjpg/bmjpg?camera=81981
nfbCCTV-N3-N-21.690-M,國道3號(木柵休息站到木柵交流道),24.99362,121.59322,國道,https://cctvn.freeway.gov.tw/abs2mjpg/bmjpg?camera=32160
nfbCCTV-N3-N-22.000-M,國道3號(木柵休息站到木柵交流道),24.98598232,121.5904226,國道,https://cctvn.freeway.gov.tw/abs2mjpg/bmjpg?camera=82200
nfbCCTV-N3-N-22.500-M,國道3號(木柵休息站到木柵交流道),24.98400818,121.5893068,國道,https://cctvn.freeway.gov.tw/abs2mjpg/bmjpg?camera=82250
nfbCCTV-N3-N-22.800-M,國道3號(木柵休息站到木柵交流道),24.98330799,121.5887382,國道,https://cctvn.freeway.gov.tw/abs2mjpg/bmjpg?camera=82280
nfbCCTV-N3-N-23.270-M,國道3號(木柵休息站到木柵交流道),24.98113893,121.5866009,國道,https://cctvn.freeway.gov.tw/abs2mjpg/bmjpg?camera=82320
nfbCCTV-N3-N-23.570-M,國道3號(木柵休息站到木柵交流道),24.98060441,121.586013,國道,https://cctvn.freeway.gov.tw/abs2mjpg/bmjpg?camera=82350
nfbCCTV-N3-N-23.761-M,國道3號(木柵休息站到木柵交流道),24.97831,121.58266,國道,https://cctvn.freeway.gov.tw/abs2mjpg/bmjpg?camera=32370
nfbCCTV-N3-N-25.100-R-木柵休息站-停車場,國道3號(木柵休息站到木柵交流道),24.976082,121.57002,國道,https://cctvn.freeway.gov.tw/abs2mjpg/bmjpg?camera=32510
nfbCCTV-N3-N-267.750-M,國道3號(新店交流道到木柵休息站),23.674929,120.58532,國道,https://cctvc.freeway.gov.tw/abs2mjpg/bmjpg?camera=428
nfbCCTV-N3-S-16.490-M,國道3號(南港系統交流道到南深路交流道),25.033056,121.615833,國道,https://cctvn.freeway.gov.tw/abs2mjpg/bmjpg?camera=31640
nfbCCTV-N3-S-18.500-M,國道3號(南深路交流道到木柵交流道),25.009105,121.596323,國道,https://cctvn.freeway.gov.tw/abs2mjpg/bmjpg?camera=71850
nfbCCTV-N3-S-19.080-M,國道3號(南深路交流道到木柵交流道),25.002386,121.594906,國道,https://cctvn.freeway.gov.tw/abs2mjpg/bmjpg?camera=71900
nfbCCTV-N3-S-19.560-M,國道3號(南深路交流道到木柵交流道),25.01193,121.597353,國道,https://cctvn.freeway.gov.tw/abs2mjpg/bmjpg?camera=71950
nfbCCTV-N3-S-19.820-M,國道3號(南深路交流道到木柵交流道),25.011925,121.597351,國道,https://cctvn.freeway.gov.tw/abs2mjpg/bmjpg?camera=71980
nfbCCTV-N3-S-21.960-M,國道3號(木柵交流道到木柵休息站),24.989612,121.591813,國道,https://cctvn.freeway.gov.tw/abs2mjpg/bmjpg?camera=72190
130,130-忠孝基隆,25.041418,121.56469,平面道路,https://cctv.bote.gov.taipei:8501/MJPEG/130
135,135-基隆信義,25.033039,121.559769,平面道路,https://cctv.bote.gov.taipei:8501/MJPEG/135
26,026-基隆快辛亥,25.019,121.5468,平面道路,https://cctv.bote.gov.taipei:8501/MJPEG/026
264,264-基隆路-和平東路口,25.02440556,121.5525944,平面道路,https://cctv.bote.gov.taipei:8501/MJPEG/264
266,266-基隆路-八德路口(高架第2層),25.04958056,121.5696,平面道路,https://cctv.bote.gov.taipei:8501/MJPEG/266
268,268-基隆路口-八德路口(高架上層),25.04925,121.5693889,平面道路,https://cctv.bote.gov.taipei:8501/MJPEG/268
287,287-基隆路二段-嘉興街,25.02730626,121.5560042,平面道路,https://cctv.bote.gov.taipei:8501/MJPEG/287
300,300-基隆松壽限高器,25.0346963,121.5604189,平面道路,https://cctv.bote.gov.taipei:8501/MJPEG/300
38,038-基隆永吉,25.045533,121.566913,平面道路,https://cctv.bote.gov.taipei:8501/MJPEG/038
87,087-基隆快樂業街口,25.02227099,121.5502051,平面道路,https://cctv.bote.gov.taipei:8501/MJPEG/087
88,088-基隆快敦化南路,25.02105815,121.5486272,平面道路,https://cctv.bote.gov.taipei:8501/MJPEG/088
89,089-基隆快辛亥出口匝道,25.01487,121.54171,平面道路,https://cctv.bote.gov.taipei:8501/MJPEG/089
124,124-康寧東湖,25.068992,121.612182,平面道路,https://cctv.bote.gov.taipei:8501/MJPEG/124
335,335-康寧路3段與康寧路3段222巷口,25.06653314,121.6119127,平面道路,https://cctv.bote.gov.taipei:8501/MJPEG/335
47,047-麥帥二橋松山抽水站,25.054733,121.57016,平面道路,https://cctv.bote.gov.taipei:8501/MJPEG/047
109,109-內湖環山,25.082148,121.565307,平面道路,https://cctv.bote.gov.taipei:8501/MJPEG/109
119,119-堤頂-民權東路6段(橋上),25.064726,121.572433,平面道路,https://cctv.bote.gov.taipei:8501/MJPEG/119
145,145-內湖港墘,25.079613,121.576591,平面道路,https://cctv.bote.gov.taipei:8501/MJPEG/145
111,111-堤頂基湖(東南角),25.078604,121.564125,快速道路,https://cctv.bote.gov.taipei:8501/MJPEG/111
112,112-堤頂基湖(西南角),25.078972,121.563957,快速道路,https://cctv.bote.gov.taipei:8501/MJPEG/112
53,053-環東麥帥二橋往堤頂,25.058311,121.573631,快速道路,https://cctv.bote.gov.taipei:8501/MJPEG/053
100,100-復北隧道南向0K+705M,25.06915,121.54423,隧道,https://cctv.bote.gov.taipei:8501/MJPEG/100
101,101-復北隧道南向0K+580M,25.06803,121.54425,隧道,https://cctv.bote.gov.taipei:8501/MJPEG/101
92,092-復北隧道南口-民族復興,25.06658579,121.5443686,隧道,https://cctv.bote.gov.taipei:8501/MJPEG/092
93,093-復北隧道北向0K+500M,25.06731,121.54436,隧道,https://cctv.bote.gov.taipei:8501/MJPEG/093
94,094-復北隧道北向0K+623M,25.069681,121.544434,隧道,https://cctv.bote.gov.taipei:8501/MJPEG/094
95,095-復北隧道北向0K+750M,25.06955,121.54432,隧道,https://cctv.bote.gov.taipei:8501/MJPEG/095
96,096-復北隧道北向0K+876M,25.07061,121.54431,隧道,https://cctv.bote.gov.taipei:8501/MJPEG/096
97,097-復北隧道北口-濱江大直橋,25.07197,121.54417,隧道,https://cctv.bote.gov.taipei:8501/MJPEG/097
98,098-復北隧道南向0K+955M,25.07127,121.54426,隧道,https://cctv.bote.gov.taipei:8501/MJPEG/098
99,099-復北隧道南向0K+830M,25.07019,121.54425,隧道,https://cctv.bote.gov.taipei:8501/MJPEG/099
238,238-濱江街-大直橋路口,25.072428,121.544492,平面道路,https://cctv.bote.gov.taipei:8501/MJPEG/238
243,243-復興北路427巷(往北),25.063311,121.544333,平面道路,https://cctv.bote.gov.taipei:8501/MJPEG/243
245,245-復興北路427巷(往南),25.063311,121.544194,平面道路,https://cctv.bote.gov.taipei:8501/MJPEG/245
262,262-忠孝東路-復興南路口,25.04149722,121.543925,平面道路,https://cctv.bote.gov.taipei:8501/MJPEG/262
315,315-復興北路與民生東路口,25.05788686,121.5440837,平面道路,https://cctv.bote.gov.taipei:8501/MJPEG/315
316,316-復興北路與南京東路口,25.05190533,121.5439827,平面道路,https://cctv.bote.gov.taipei:8501/MJPEG/316
317,317-復興南路與市民大道口,25.04438833,121.5437534,平面道路,https://cctv.bote.gov.taipei:8501/MJPEG/317
319,319-復興南路-仁愛三段,25.03782272,121.5436311,平面道路,https://cctv.bote.gov.taipei:8501/MJPEG/319
356,356-艋舺-萬大路口,25.03305,121.5005,平面道路,https://cctv.bote.gov.taipei:8501/MJPEG/356
250,250-劍潭路-中山北路口,25.084214,121.525359,平面道路,https://cctv.bote.gov.taipei:8501/MJPEG/250
251,251-劍潭路-承德路口,25.084248,121.523626,平面道路,https://cctv.bote.gov.taipei:8501/MJPEG/251
148,148-敬業三路樂群二路,25.079866,121.556145,平面道路,https://cctv.bote.gov.taipei:8501/MJPEG/148
331,331-興隆路與辛亥路口,25.00079635,121.5544587,平面道路,https://cctv.bote.gov.taipei:8501/MJPEG/331
332,332-興隆路與興隆路3段112巷口,24.9990456,121.5579086,平面道路,https://cctv.bote.gov.taipei:8501/MJPEG/332
35,035-市民快光復匝道,25.044897,121.556938,平面道路,https://cctv.bote.gov.taipei:8501/MJPEG/035
313,313-松江路與長安東路口,25.04837561,121.5329048,平面道路,https://cctv.bote.gov.taipei:8501/MJPEG/313
314,314-松江路市民大道口,25.04570815,121.5330538,平面道路,https://cctv.bote.gov.taipei:8501/MJPEG/314
324,324-松江路367號(中山區公所),25.06442183,121.5334104,平面道路,https://cctv.bote.gov.taipei:8501/MJPEG/324
133,133-松高松智,25.039202,121.565567,平面道路,https://cctv.bote.gov.taipei:8501/MJPEG/133
140,140-市府西北(松高市府),25.038948,121.563782,平面道路,https://cctv.bote.gov.taipei:8501/MJPEG/140
138,138-市府東南(松壽松智),25.036072,121.565224,平面道路,https://cctv.bote.gov.taipei:8501/MJPEG/138
139,139-市府東北(松高松智),25.038872,121.565269,平面道路,https://cctv.bote.gov.taipei:8501/MJPEG/139
137,137-市府西南(松壽市府),25.036091,121.563805,平面道路,https://cctv.bote.gov.taipei:8501/MJPEG/137
296,296-仁愛路-金山南路口,25.03829891,121.5283992,平面道路,https://cctv.bote.gov.taipei:8501/MJPEG/296
128,128-信義松智東南角,25.032854,121.565483,平面道路,https://cctv.bote.gov.taipei:8501/MJPEG/128
284,284-信義路-莊敬路口,25.03296744,121.5613375,平面道路,https://cctv.bote.gov.taipei:8501/MJPEG/284
330,330-信義路與安和路口,25.03317711,121.5524343,平面道路,https://cctv.bote.gov.taipei:8501/MJPEG/330
354,354-信義-敦化路口,25.03319875,121.5487834,平面道路,https://cctv.bote.gov.taipei:8501/MJPEG/354
74,074-信義松德,25.03311944,121.5741417,平面道路,https://cctv.bote.gov.taipei:8501/MJPEG/074
75,075-信義松仁,25.032612,121.568184,平面道路,https://cctv.bote.gov.taipei:8501/MJPEG/075
227,227-新生高南京,25.052361,121.528056,平面道路,https://cctv.bote.gov.taipei:8501/MJPEG/227
305,305-敦化-南京,25.05175833,121.5494028,平面道路,https://cctv.bote.gov.taipei:8501/MJPEG/305
325,325-水源快上層往南門架(溪州街與汀州路4段140巷口,25.00484617,121.5349488,平面道路,https://cctv.bote.gov.taipei:8501/MJPEG/325
341,341-南京東路4段北寧路口,25.05150119,121.5517955,平面道路,https://cctv.bote.gov.taipei:8501/MJPEG/341
349,349-南京東-三民路口,25.0514517,121.5637797,平面道路,https://cctv.bote.gov.taipei:8501/MJPEG/349
351,351-南京-光復路口,25.05155798,121.557315,平面道路,https://cctv.bote.gov.taipei:8501/MJPEG/351
216,216-南港路經貿一路,25.05475,121.618722,平面道路,https://cctv.bote.gov.taipei:8501/MJPEG/216
217,217-南港路興中路,25.054444,121.607389,平面道路,https://cctv.bote.gov.taipei:8501/MJPEG/217
58,058-三重南港,25.054968,121.614059,平面道路,https://cctv.bote.gov.taipei:8501/MJPEG/058
333,333-康寧路3段與南湖大橋,25.0638845,121.6112466,平面道路,https://cctv.bote.gov.taipei:8501/MJPEG/333
61,061-南湖大橋三重路,25.060604,121.614487,平面道路,https://cctv.bote.gov.taipei:8501/MJPEG/061
13,013-建國快和平,25.02576,121.53751,平面道路,https://cctv.bote.gov.taipei:8501/MJPEG/013
14,014-建國快信義,25.033466,121.537651,平面道路,https://cctv.bote.gov.taipei:8501/MJPEG/014
16,016-建國快忠孝,25.0416,121.53701,平面道路,https://cctv.bote.gov.taipei:8501/MJPEG/016
19,019-建國快民生,25.05801,121.53703,平面道路,https://cctv.bote.gov.taipei:8501/MJPEG/019
22,022-建國快圓山匝道,25.07116,121.5336,平面道路,https://cctv.bote.gov.taipei:8501/MJPEG/022
34,034-市民快建國北匝道,25.044715,121.536842,平面道路,https://cctv.bote.gov.taipei:8501/MJPEG/034
12,012-建國快辛亥,25.022418,121.536369,快速道路,https://cctv.bote.gov.taipei:8501/MJPEG/012
15,015-建國快仁愛,25.03807,121.53798,快速道路,https://cctv.bote.gov.taipei:8501/MJPEG/015
17,017-建國快長安,25.04848,121.53684,快速道路,https://cctv.bote.gov.taipei:8501/MJPEG/017
18,018-建國快南京,25.05187,121.53661,快速道路,https://cctv.bote.gov.taipei:8501/MJPEG/018
20,020-建國快民權,25.06228,121.53692,快速道路,https://cctv.bote.gov.taipei:8501/MJPEG/020
90,090-建國快松江,25.06733,121.53398,快速道路,https://cctv.bote.gov.taipei:8501/MJPEG/090
63,063-洲美快道福國匝道,25.101245,121.499135,快速道路,https://cctv.bote.gov.taipei:8501/MJPEG/063
64,064-洲美快13號道路匝道前,25.10613965,121.4991137,快速道路,https://cctv.bote.gov.taipei:8501/MJPEG/064
65,065-洲美快焚化爐前,25.10812087,121.4986613,快速道路,https://cctv.bote.gov.taipei:8501/MJPEG/065
66,066-洲美快13號道路,25.112044,121.498663,快速道路,https://cctv.bote.gov.taipei:8501/MJPEG/066
67,067-洲美快大業路匝道,25.116961,121.499687,快速道路,https://cctv.bote.gov.taipei:8501/MJPEG/067
256,256-木柵焚化廠,25.00521658,121.5876847,平面道路,https://cctv.bote.gov.taipei:8501/MJPEG/256
334,334-研究院路2段與大坑街口(南深橋),25.04898,121.615846,平面道路,https://cctv.bote.gov.taipei:8501/MJPEG/334
1,001-市民快承德,25.048553,121.516899,平面道路,https://cctv.bote.gov.taipei:8501/MJPEG/001
259,259-重慶北路-民權西路口,25.06315,121.5138,平面道路,https://cctv.bote.gov.taipei:8501/MJPEG/259
260,260-重慶南路-和平西路口,25.02747778,121.5159028,平面道路,https://cctv.bote.gov.taipei:8501/MJPEG/260
43,043-重慶北交流道,25.081245,121.513039,平面道路,https://cctv.bote.gov.taipei:8501/MJPEG/043
73,073-信義快萬芳交流道,25.004241,121.580375,國道,https://cctv.bote.gov.taipei:8501/MJPEG/073
nfbCCTV-N3-S-22.500-M,國道3號(木柵交流道到木柵休息站),24.989596,121.59181,國道,https://cctvn.freeway.gov.tw/abs2mjpg/bmjpg?camera=72250
nfbCCTV-N3-S-22.770-M,國道3號(木柵交流道到木柵休息站),24.995735,121.593311,國道,https://cctvn.freeway.gov.tw/abs2mjpg/bmjpg?camera=72271
nfbCCTV-N3-S-23.260-M,國道3號(木柵交流道到木柵休息站),24.98193189,121.5867186,國道,https://cctvn.freeway.gov.tw/abs2mjpg/bmjpg?camera=72320
nfbCCTV-N3-S-23.530-M,國道3號(木柵交流道到木柵休息站),24.97988,121.58448,國道,https://cctvn.freeway.gov.tw/abs2mjpg/bmjpg?camera=72350
nfbCCTV-N3-S-24.320-M,國道3號(木柵交流道到木柵休息站),24.977921,121.580215,國道,https://cctvn.freeway.gov.tw/abs2mjpg/bmjpg?camera=72430
nfbCCTV-N3-S-24.644-M-2,國道3號(木柵交流道到木柵休息站),24.976196,121.57477,國道,https://cctvn.freeway.gov.tw/abs2mjpg/bmjpg?camera=32461
nfbCCTV-N5-N-0.000-M,國道5號(石碇交流道到南港系統交流道),25.036219,121.620285,國道,https://cctvp02.freeway.gov.tw/mjpeg/X01001602801001
nfbCCTV-N5-N-0.010-M,國道5號(石碇交流道到南港系統交流道),25.03598,121.62135,國道,https://cctvp02.freeway.gov.tw/mjpeg/X01001602800101
nfbCCTV-N5-N-0.020-M,國道5號(石碇交流道到南港系統交流道),25.035685,121.62279,國道,https://cctvp02.freeway.gov.tw/mjpeg/X01001602800901
nfbCCTV-N5-S-0.010-M,國道5號(南港系統交流道到石碇交流道),25.035797,121.62106,國道,https://cctvp02.freeway.gov.tw/mjpeg/X01001602900101
261,261-市民高架-西寧北路,25.050425,121.5081194,快速道路,https://cctv.bote.gov.taipei:8501/MJPEG/261
267,267-市民高架道路(往東延吉街上方),25.04440833,121.5524583,快速道路,https://cctv.bote.gov.taipei:8501/MJPEG/267
343,343-市高(光復) 市高西行既設鋼構,25.04521969,121.5595583,快速道路,https://cctv.bote.gov.taipei:8501/MJPEG/343
344,344-市高(建國) 市高西行既設鋼構,25.04459275,121.5395597,快速道路,https://cctv.bote.gov.taipei:8501/MJPEG/344
36,036-市民快正氣橋上層,25.045813,121.567345,快速道路,https://cctv.bote.gov.taipei:8501/MJPEG/036
226,226-新生高民生,25.057806,121.526944,平面道路,https://cctv.bote.gov.taipei:8501/MJPEG/226
258,258-民生東路-松江路口,25.05791111,121.5329167,平面道路,https://cctv.bote.gov.taipei:8501/MJPEG/258
286,286-民生西路-延平北路口,25.057,121.511,平面道路,https://cctv.bote.gov.taipei:8501/MJPEG/286
336,336-民生西路與重慶北路口,25.05700219,121.5138393,平面道路,https://cctv.bote.gov.taipei:8501/MJPEG/336
21,021-民族松江,25.06831,121.53295,平面道路,https://cctv.bote.gov.taipei:8501/MJPEG/021
241,241-民族東路-建國北路口,25.068272,121.533161,平面道路,https://cctv.bote.gov.taipei:8501/MJPEG/241
244,244-民族西路-延平北路口,25.068689,121.510728,平面道路,https://cctv.bote.gov.taipei:8501/MJPEG/244
252,252-民族西路承德路口,25.068525,121.518532,平面道路,https://cctv.bote.gov.taipei:8501/MJPEG/252
253,253-民族西路-中山北路口,25.068515,121.522778,平面道路,https://cctv.bote.gov.taipei:8501/MJPEG/253
357,357-民族-重慶路口,25.06860855,121.5136523,平面道路,https://cctv.bote.gov.taipei:8501/MJPEG/357
46,046-民權大橋,25.063366,121.568359,橋梁,https://cctv.bote.gov.taipei:8501/MJPEG/046
153,153-民權行愛,25.066748,121.578331,平面道路,https://cctv.bote.gov.taipei:8501/MJPEG/153
158,158-延平民權(進城),25.063051,121.511231,平面道路,https://cctv.bote.gov.taipei:8501/MJPEG/158
159,159-延平民權(出城),25.062825,121.51126,平面道路,https://cctv.bote.gov.taipei:8501/MJPEG/159
160,160-民權承德(西側),25.062883,121.518059,平面道路,https://cctv.bote.gov.taipei:8501/MJPEG/160
161,161-民權承德(東側),25.062911,121.51798,平面道路,https://cctv.bote.gov.taipei:8501/MJPEG/161
225,225-新生高民權,25.062639,121.527528,平面道路,https://cctv.bote.gov.taipei:8501/MJPEG/225
339,339-民權東路6段與民權東路6段206巷口,25.06701389,121.5967611,平面道路,https://cctv.bote.gov.taipei:8501/MJPEG/339
40,040-民權西台北橋,25.063412,121.508774,橋梁,https://cctv.bote.gov.taipei:8501/MJPEG/040
168,168-師大汀州(南側),25.020886,121.525374,平面道路,https://cctv.bote.gov.taipei:8501/MJPEG/168
9,009-辛亥快汀州,25.018831,121.526881,平面道路,https://cctv.bote.gov.taipei:8501/MJPEG/009
294,294-汀州路-思源街口,25.015,121.531,平面道路,https://cctv.bote.gov.taipei:8501/MJPEG/294
308,308-大度路與立德路口(東南角),25.12298936,121.4717451,平面道路,https://cctv.bote.gov.taipei:8501/MJPEG/308
309,309-大度路與立德路口(西南角),25.12318622,121.4715334,平面道路,https://cctv.bote.gov.taipei:8501/MJPEG/309
298,298-承德路-立賢路口,25.116,121.504,平面道路,https://cctv.bote.gov.taipei:8501/MJPEG/298
282,282-仰德大道二段2巷口,25.1019327,121.5397027,平面道路,https://cctv.bote.gov.taipei:8501/MJPEG/282
132,132-仁愛光復,25.037724,121.557777,平面道路,https://cctv.bote.gov.taipei:8501/MJPEG/132
401,401-民權東路6段180巷口,25.068897,121.592819,平面道路,https://cctv.bote.gov.taipei:8501/MJPEG/401
402,402-文林北路(75巷)94巷口,25.105356,121.517619,平面道路,https://cctv.bote.gov.taipei:8501/MJPEG/402
403,403-北士科1(福國路-洲美社區),25.10119,121.50518,平面道路,https://cctv.bote.gov.taipei:8501/MJPEG/403
404,404-北士科2(福國路-承平路),25.1013,121.50813,平面道路,https://cctv.bote.gov.taipei:8501/MJPEG/404
405,405-北士科3(福善路-承平路),25.09937,121.50817,平面道路,https://cctv.bote.gov.taipei:8501/MJPEG/405
406,406-石牌路-立農街2段,25.11876,121.51899,平面道路,https://cctv.bote.gov.taipei:8501/MJPEG/406
407,407-石牌路2段-東華街1段(捷運石牌站),25.11528,121.51527,平面道路,https://cctv.bote.gov.taipei:8501/MJPEG/407
408,408-石牌路2段-天母西路,25.11921,121.52192,平面道路,https://cctv.bote.gov.taipei:8501/MJPEG/408
409,409-石牌路2段130巷,25.11807,121.51749,平面道路,https://cctv.bote.gov.taipei:8501/MJPEG/409
410,410-木新路1段-指南路1段,24.98775,121.57064,平面道路,https://cctv.bote.gov.taipei:8501/MJPEG/410
411,411-中山北路5段-中正路,25.09574,121.52791,平面道路,https://cctv.bote.gov.taipei:8501/MJPEG/411
412,412-中山北路6段-忠誠路1段,25.10404,121.52489,平面道路,https://cctv.bote.gov.taipei:8501/MJPEG/412
413,413-湖山路-陽金公路,25.15222,121.54607,平面道路,https://cctv.bote.gov.taipei:8501/MJPEG/413
416,416-木柵路4段-萬芳路,24.99488,121.57173,平面道路,https://cctv.bote.gov.taipei:8501/MJPEG/416
417,417-和平東路1段-師大路,25.0266,121.52847,平面道路,https://cctv.bote.gov.taipei:8501/MJPEG/417
414,414-重慶北路3段-啟聰學校前,25.0746,121.51378,平面道路,https://cctv.bote.gov.taipei:8501/MJPEG/414
415,415-承德路1段-南京西路,25.05323,121.51778,平面道路,https://cctv.bote.gov.taipei:8501/MJPEG/415
126,126-芳蘭路-基隆路三段155巷176弄,25.0143,121.54695,平面道路,https://cctv.bote.gov.taipei:8501/MJPEG/126
127,127-辛亥路-芳蘭路,25.01684,121.54893,平面道路,https://cctv.bote.gov.taipei:8501/MJPEG/127
418,418-市民大道5段-東興路,25.04828,121.56578,平面道路,https://cctv.bote.gov.taipei:8501/MJPEG/418
382,382-光復南路290巷(國父紀念館西側門),25.039304,121.5575087,平面道路,https://cctv.bote.gov.taipei:8501/MJPEG/382
384,384-仁愛逸仙,25.0376077,121.5615481,平面道路,https://cctv.bote.gov.taipei:8501/MJPEG/384
110,110-堤頂大道2段-樂群一路,25.07732,121.57003,平面道路,https://cctv.bote.gov.taipei:8501/MJPEG/110
247,247-北安路-大直橋頭,25.07981,121.54436,平面道路,https://cctv.bote.gov.taipei:8501/MJPEG/247
