序號,路名,件數,類型,type,coordinates
L1,基隆路與羅斯福路口,4464,違規左轉前十大路口,POINT,"[121.5371212,25.0112054]"
L2,師大路與羅斯福路口,2529,違規左轉前十大路口,POINT,"[121.5277729,25.021064]"
L3,長安東路與建國北路口,2314,違規左轉前十大路口,POINT,"[121.53674,25.0484007]"
L4,市民大道與延吉街口,2177,違規左轉前十大路口,POINT,"[121.5537806,25.0443835]"
L5,金山南路與愛國東路口,2070,違規左轉前十大路口,POINT,"[121.5268038,25.031726]"
L6,中山北路與忠誠路口,1952,違規左轉前十大路口,POINT,"[121.5248161,25.1041448]"
L7,八德路與基隆路口,1707,違規左轉前十大路口,POINT,"[121.569389,25.0494768]"
L8,館前路與襄陽路口,1465,違規左轉前十大路口,POINT,"[121.5149995,25.0434067]"
L9,港墘路與環山路口,1296,違規左轉前十大路口,POINT,"[121.5781726,25.0840059]"
L10,八德路與東寧路口,1237,違規左轉前十大路口,POINT,"[121.5626961,25.0487039]"
P1,汀州路與羅斯福路口,160,取締併排停車前十大路口,POINT,"[121.5382203,25.0080025]"
P2,裕民一路與裕民二路口,159,取締併排停車前十大路口,POINT,"[121.5172509,25.1165773]"
P3,桂林路與環河南路口,46,取締併排停車前十大路口,POINT,"[121.4961048,25.0388104]"
P4,裕民二路與裕民三路口,44,取締併排停車前十大路口,POINT,"[121.5170333,25.1158507]"
P5,民族東路與龍江路口,34,取締併排停車前十大路口,POINT,"[121.541032,25.0680766]"
P6,"興中路與興華路口
辛亥路與復興南路口",24,取締併排停車前十大路口,POINT,"[121.6057471,25.0562484]"
P7,八德路與市民大道口,23,取締併排停車前十大路口,POINT,"[121.5345671,25.044997]"
P8,林森北路與錦州街口,22,取締併排停車前十大路口,POINT,"[121.5255594,25.0602979]"
P9,林口街與松山路口,20,取締併排停車前十大路口,POINT,"[121.5789161,25.0355783]"
P10,基隆路與羅斯福路口,19,取締併排停車前十大路口,POINT,"[121.5693412,25.0494496]"
R1,民權東路與行愛路口,829,取締闖紅燈前十大路口,POINT,"[121.5693412,25.0494496]"
R2,和平東路與基隆路口,784,取締闖紅燈前十大路口,POINT,"[121.5525302,25.0243981]"
R3,基隆路與羅斯福路口,614,取締闖紅燈前十大路口,POINT,"[121.53712,25.0111698]"
R4,中山北路與市民大道口,577,取締闖紅燈前十大路口,POINT,"[121.5206952,25.0480849]"
R5,辛亥路與基隆路口,429,取締闖紅燈前十大路口,POINT,"[121.5466712,25.0191828]"
R6,中正路與文昌路口,386,取締闖紅燈前十大路口,POINT,"[121.5218726,25.0944587]"
R7,和平東路與金山南路口,366,取締闖紅燈前十大路口,POINT,"[121.5258902,25.0268048]"
R8,萬大路與環河南路口,344,取締闖紅燈前十大路口,POINT,"[121.4955591,25.0165728]"
R9,西園路與東園街口,338,取締闖紅燈前十大路口,POINT,"[121.4952794,25.0281562]"
R10,忠孝東路與松山路口,335,取締闖紅燈前十大路口,POINT,"[121.5778383,25.0407901]"
D1,市民大道與承德路口,86,取締酒後駕車前十大路口,POINT,"[121.5164531,25.0487991]"
D2,重慶北路與敦煌路口、辛亥路與建國南路口,52,取締酒後駕車前十大路口,POINT,"[121.5138446,25.0758794]"
D3,萬大路與環河南路口,47,取締酒後駕車前十大路口,POINT,"[121.5138446,25.0758794]"
D4,市民大道與林森北路口,45,取締酒後駕車前十大路口,POINT,"[121.5242199,25.0478255]"
D5,八德路與市民大道口,41,取締酒後駕車前十大路口,POINT,"[121.5242199,25.0478255]"
D6,汀州路與基隆路口,39,取締酒後駕車前十大路口,POINT,"[121.5362889,25.0109635]"
D7,富民路與萬大路口,37,取締酒後駕車前十大路口,POINT,"[121.4973017,25.0193872]"
D8,塔城街與鄭州路口,35,取締酒後駕車前十大路口,POINT,"[121.4973017,25.0193872]"
D9,承德路與長安西路口、葫蘆街與環河北路口,33,取締酒後駕車前十大路口,POINT,"[121.5170925,25.0508887]"
D10,西園路與環河南路口,28,取締酒後駕車前十大路口,POINT,"[121.4905991,25.02436]"
